year_month,hs_code,item_name,category,country_name,country_code,import_value_yen,quantity_2,quantity_2_unit,calc_unit_name,unit_multiplier,unit_price,formula_note,source,source_url,fetched_at
2026-02,270900900,原油,エネルギー,サウジアラビア,SA,385428917000,5123106786,KG,円/KG,1,75.23343414454449359197877942,金額×単位÷第2数量,customs_trade_statistics,https://www.e-stat.go.jp/en/stat-search/file-download?statInfId=000040432026&fileKind=1,2026-04-18T06:38:09.200797+09:00
2026-03,270900900,原油,エネルギー,サウジアラビア,SA,359774570000,4557802056,KG,円/KG,1,78.93597957515160680334731939,金額×単位÷第2数量,customs_trade_statistics,https://www.e-stat.go.jp/en/stat-search/file-download?statInfId=000040447808&fileKind=1,2026-05-18T06:51:37.348988+09:00
2026-04,270900900,原油,エネルギー,サウジアラビア,SA,193981956000,1492589169,KG,円/KG,1,129.9633951718699628323512242,金額×単位÷第2数量,customs_trade_statistics,https://www.e-stat.go.jp/en/stat-search/file-download?statInfId=000040459491&fileKind=1,2026-06-18T07:43:32.880150+09:00
2026-04,271012181,ナフサ,エネルギー,サウジアラビア,SA,13171845000,78620930,KG,円/KG,1,167.5361128391638206263904535,金額×単位÷第2数量,customs_trade_statistics,https://www.e-stat.go.jp/en/stat-search/file-download?statInfId=000040459491&fileKind=1,2026-06-18T07:43:32.880150+09:00
2026-05,270900900,原油,エネルギー,サウジアラビア,SA,151287402000,983014810,KG,円/KG,1,153.9014473240743951762028896,金額×単位÷第2数量,customs_trade_statistics,https://www.e-stat.go.jp/en/stat-search/file-download?statInfId=000040466805&fileKind=1,2026-07-18T06:47:44.977041+09:00
2026-06,270900900,原油,エネルギー,サウジアラビア,SA,281245083000,1982936688,KG,円/KG,1,141.8326085255224245465168377,金額×単位÷第2数量,customs_trade_statistics,https://www.e-stat.go.jp/en/stat-search/file-download?statInfId=000040479273&fileKind=1,2026-08-18T06:20:45.479849+09:00
2026-06,271012181,ナフサ,エネルギー,サウジアラビア,SA,10564862000,54511933,KG,円/KG,1,193.8082437839802892331849615,金額×単位÷第2数量,customs_trade_statistics,https://www.e-stat.go.jp/en/stat-search/file-download?statInfId=000040479273&fileKind=1,2026-08-18T06:20:45.479849+09:00
2026-07,270900900,原油,エネルギー,サウジアラビア,SA,436353918000,2857840577,KG,円/KG,1,152.6865849382192462305429713,金額×単位÷第2数量,customs_trade_statistics,https://www.e-stat.go.jp/en/stat-search/file-download?statInfId=000040494488&fileKind=1,2026-09-18T08:20:30.201134+09:00
2026-07,271012181,ナフサ,エネルギー,サウジアラビア,SA,6959649000,51235068,KG,円/KG,1,135.8376063831905131852269621,金額×単位÷第2数量,customs_trade_statistics,https://www.e-stat.go.jp/en/stat-search/file-download?statInfId=000040494488&fileKind=1,2026-09-18T08:20:30.201134+09:00
